Grupo,País,ID de la estampa,Tipo de casilla,Entradas,Vendidas,Stock actual,Precio MXN,Valor total,Notas,
General,FIFA,FWC 1,Especial Base,3,0,3,50,$150.00,,
General,FIFA,FWC 2,Especial Base,5,1,4,50,$200.00,,
General,FIFA,FWC 3,Especial Base,3,0,3,50,$150.00,,
General,FIFA,FWC 4,Especial Base,3,1,2,50,$100.00,,
General,FIFA,FWC 5,Especial Base,3,0,3,50,$150.00,,
General,FIFA,FWC 6,Especial Base,1,0,1,50,$50.00,,
General,FIFA,FWC 7,Especial Base,3,0,3,50,$150.00,,
General,FIFA,FWC 8,Especial Base,6,0,6,50,$300.00,,
General,FIFA,FWC 9,Especial Base,4,1,3,50,$150.00,,
General,FIFA,FWC 10,Especial Base,4,0,4,50,$200.00,,
General,FIFA,FWC 11,Especial Base,1,0,1,50,$50.00,,
General,FIFA,FWC 12,Especial Base,2,0,2,50,$100.00,,
General,FIFA,FWC 13,Especial Base,4,0,4,50,$200.00,,
General,FIFA,FWC 14,Especial Base,4,0,4,50,$200.00,,
General,FIFA,FWC 15,Especial Base,4,0,4,50,$200.00,,
General,FIFA,FWC 16,Especial Base,2,0,2,50,$100.00,,
General,FIFA,FWC 17,Especial Base,5,0,5,50,$250.00,,
General,FIFA,FWC 18,Especial Base,5,0,5,50,$250.00,,
General,FIFA,FWC 19,Especial Base,6,0,6,50,$300.00,,
General,FIFA,0,Especial Base,5,1,4,50,$200.00,,
Grupo A,México,MEX 1,Escudo,5,0,5,50,$250.00,,
Grupo A,México,MEX 2,Jugador,6,1,5,15,$75.00,,
Grupo A,México,MEX 3,Jugador,2,0,2,15,$30.00,,
Grupo A,México,MEX 4,Jugador,3,0,3,15,$45.00,,
Grupo A,México,MEX 5,Jugador,6,0,6,15,$90.00,,
Grupo A,México,MEX 6,Jugador,6,0,6,15,$90.00,,
Grupo A,México,MEX 7,Jugador,5,0,5,15,$75.00,,
Grupo A,México,MEX 8,Jugador,5,0,5,15,$75.00,,
Grupo A,México,MEX 9,Jugador,7,0,7,15,$105.00,,
Grupo A,México,MEX 10,Jugador,2,0,2,15,$30.00,,
Grupo A,México,MEX 11,Jugador,4,0,4,15,$60.00,,
Grupo A,México,MEX 12,Jugador,6,0,6,15,$90.00,,
Grupo A,México,MEX 13,Foto del equipo,3,0,3,15,$45.00,,
Grupo A,México,MEX 14,Jugador,3,0,3,15,$45.00,,
Grupo A,México,MEX 15,Jugador,6,0,6,15,$90.00,,
Grupo A,México,MEX 16,Jugador,7,0,7,15,$105.00,,
Grupo A,México,MEX 17,Jugador,6,1,5,15,$75.00,,
Grupo A,México,MEX 18,Jugador,4,0,4,15,$60.00,,
Grupo A,México,MEX 19,Jugador,4,0,4,15,$60.00,,
Grupo A,México,MEX 20,Jugador,6,0,6,15,$90.00,,
Grupo D,Estados Unidos,USA 1,Escudo,3,0,3,50,$150.00,,
Grupo D,Estados Unidos,USA 2,Jugador,6,1,5,15,$75.00,,
Grupo D,Estados Unidos,USA 3,Jugador,6,1,5,15,$75.00,,
Grupo D,Estados Unidos,USA 4,Jugador,5,1,4,15,$60.00,,
Grupo D,Estados Unidos,USA 5,Jugador,6,1,5,15,$75.00,,
Grupo D,Estados Unidos,USA 6,Jugador,5,1,4,15,$60.00,,
Grupo D,Estados Unidos,USA 7,Jugador,5,0,5,15,$75.00,,
Grupo D,Estados Unidos,USA 8,Jugador,8,0,8,15,$120.00,,
Grupo D,Estados Unidos,USA 9,Jugador,3,0,3,15,$45.00,,
Grupo D,Estados Unidos,USA 10,Jugador,2,1,1,15,$15.00,,
Grupo D,Estados Unidos,USA 11,Jugador,2,1,1,15,$15.00,,
Grupo D,Estados Unidos,USA 12,Jugador,5,1,4,15,$60.00,,
Grupo D,Estados Unidos,USA 13,Foto del equipo,5,1,4,15,$60.00,,
Grupo D,Estados Unidos,USA 14,Jugador,5,1,4,15,$60.00,,
Grupo D,Estados Unidos,USA 15,Jugador,6,0,6,15,$90.00,,
Grupo D,Estados Unidos,USA 16,Jugador,4,0,4,15,$60.00,,
Grupo D,Estados Unidos,USA 17,Jugador,6,1,5,15,$75.00,,
Grupo D,Estados Unidos,USA 18,Jugador,4,1,3,15,$45.00,,
Grupo D,Estados Unidos,USA 19,Jugador,3,0,3,15,$45.00,,
Grupo D,Estados Unidos,USA 20,Jugador,5,1,4,15,$60.00,,
Grupo B,Canadá,CAN 1,Escudo,5,0,5,50,$250.00,,
Grupo B,Canadá,CAN 2,Jugador,5,0,5,15,$75.00,,
Grupo B,Canadá,CAN 3,Jugador,6,0,6,15,$90.00,,
Grupo B,Canadá,CAN 4,Jugador,3,0,3,15,$45.00,,
Grupo B,Canadá,CAN 5,Jugador,5,1,4,15,$60.00,,
Grupo B,Canadá,CAN 6,Jugador,4,0,4,15,$60.00,,
Grupo B,Canadá,CAN 7,Jugador,6,0,6,15,$90.00,,
Grupo B,Canadá,CAN 8,Jugador,4,0,4,15,$60.00,,
Grupo B,Canadá,CAN 9,Jugador,3,0,3,15,$45.00,,
Grupo B,Canadá,CAN 10,Jugador,6,0,6,15,$90.00,,
Grupo B,Canadá,CAN 11,Jugador,4,0,4,15,$60.00,,
Grupo B,Canadá,CAN 12,Jugador,5,0,5,15,$75.00,,
Grupo B,Canadá,CAN 13,Foto del equipo,2,1,1,15,$15.00,,
Grupo B,Canadá,CAN 14,Jugador,7,0,7,15,$105.00,,
Grupo B,Canadá,CAN 15,Jugador,4,0,4,15,$60.00,,
Grupo B,Canadá,CAN 16,Jugador,3,0,3,15,$45.00,,
Grupo B,Canadá,CAN 17,Jugador,5,0,5,15,$75.00,,
Grupo B,Canadá,CAN 18,Jugador,5,0,5,15,$75.00,,
Grupo B,Canadá,CAN 19,Jugador,5,0,5,15,$75.00,,
Grupo B,Canadá,CAN 20,Jugador,2,0,2,15,$30.00,,
Grupo L,Ghana,GHA 1,Escudo,5,0,5,50,$250.00,,
Grupo L,Ghana,GHA 2,Jugador,4,0,4,15,$60.00,,
Grupo L,Ghana,GHA 3,Jugador,3,0,3,15,$45.00,,
Grupo L,Ghana,GHA 4,Jugador,5,0,5,15,$75.00,,
Grupo L,Ghana,GHA 5,Jugador,6,0,6,15,$90.00,,
Grupo L,Ghana,GHA 6,Jugador,2,0,2,15,$30.00,,
Grupo L,Ghana,GHA 7,Jugador,5,0,5,15,$75.00,,
Grupo L,Ghana,GHA 8,Jugador,5,0,5,15,$75.00,,
Grupo L,Ghana,GHA 9,Jugador,6,1,5,15,$75.00,,
Grupo L,Ghana,GHA 10,Jugador,2,0,2,15,$30.00,,
Grupo L,Ghana,GHA 11,Jugador,4,0,4,15,$60.00,,
Grupo L,Ghana,GHA 12,Jugador,5,0,5,15,$75.00,,
Grupo L,Ghana,GHA 13,Foto del equipo,6,0,6,15,$90.00,,
Grupo L,Ghana,GHA 14,Jugador,5,0,5,15,$75.00,,
Grupo L,Ghana,GHA 15,Jugador,6,0,6,15,$90.00,,
Grupo L,Ghana,GHA 16,Jugador,3,0,3,15,$45.00,,
Grupo L,Ghana,GHA 17,Jugador,4,0,4,15,$60.00,,
Grupo L,Ghana,GHA 18,Jugador,3,0,3,15,$45.00,,
Grupo L,Ghana,GHA 19,Jugador,4,0,4,15,$60.00,,
Grupo L,Ghana,GHA 20,Jugador,5,0,5,15,$75.00,,
Grupo J,Argentina,ARG 1,Escudo,6,0,6,50,$300.00,,
Grupo J,Argentina,ARG 2,Jugador,3,0,3,15,$45.00,,
Grupo J,Argentina,ARG 3,Jugador,5,0,5,15,$75.00,,
Grupo J,Argentina,ARG 4,Jugador,5,0,5,15,$75.00,,
Grupo J,Argentina,ARG 5,Jugador,4,0,4,15,$60.00,,
Grupo J,Argentina,ARG 6,Jugador,5,0,5,15,$75.00,,
Grupo J,Argentina,ARG 7,Jugador,8,0,8,15,$120.00,,
Grupo J,Argentina,ARG 8,Jugador,4,0,4,15,$60.00,,
Grupo J,Argentina,ARG 9,Jugador,5,0,5,15,$75.00,,
Grupo J,Argentina,ARG 10,Jugador,2,0,2,15,$30.00,,
Grupo J,Argentina,ARG 11,Jugador,5,0,5,15,$75.00,,
Grupo J,Argentina,ARG 12,Jugador,5,0,5,15,$75.00,,
Grupo J,Argentina,ARG 13,Foto del equipo,3,0,3,15,$45.00,,
Grupo J,Argentina,ARG 14,Jugador,5,0,5,15,$75.00,,
Grupo J,Argentina,ARG 15,Jugador,6,0,6,15,$90.00,,
Grupo J,Argentina,ARG 16,Jugador,5,0,5,15,$75.00,,
Grupo J,Argentina,ARG 17,Jugador Estrella,4,0,4,50,$200.00,,
Grupo J,Argentina,ARG 18,Jugador,4,0,4,15,$60.00,,
Grupo J,Argentina,ARG 19,Jugador,3,0,3,15,$45.00,,
Grupo J,Argentina,ARG 20,Jugador,4,0,4,15,$60.00,,
Grupo B,Bosnia,BIH 1,Escudo,6,0,6,50,$300.00,,
Grupo B,Bosnia,BIH 2,Jugador,3,0,3,15,$45.00,,
Grupo B,Bosnia,BIH 3,Jugador,6,1,5,15,$75.00,,
Grupo B,Bosnia,BIH 4,Jugador,1,1,0,15,$0.00,,
Grupo B,Bosnia,BIH 5,Jugador,4,2,2,15,$30.00,,
Grupo B,Bosnia,BIH 6,Jugador,3,1,2,15,$30.00,,
Grupo B,Bosnia,BIH 7,Jugador,5,0,5,15,$75.00,,
Grupo B,Bosnia,BIH 8,Jugador,3,0,3,15,$45.00,,
Grupo B,Bosnia,BIH 9,Jugador,3,0,3,15,$45.00,,
Grupo B,Bosnia,BIH 10,Jugador,3,1,2,15,$30.00,,
Grupo B,Bosnia,BIH 11,Jugador,10,0,10,15,$150.00,,
Grupo B,Bosnia,BIH 12,Jugador,4,1,3,15,$45.00,,
Grupo B,Bosnia,BIH 13,Foto del equipo,7,1,6,15,$90.00,,
Grupo B,Bosnia,BIH 14,Jugador,1,1,0,15,$0.00,,
Grupo B,Bosnia,BIH 15,Jugador,3,0,3,15,$45.00,,
Grupo B,Bosnia,BIH 16,Jugador,3,1,2,15,$30.00,,
Grupo B,Bosnia,BIH 17,Jugador,4,0,4,15,$60.00,,
Grupo B,Bosnia,BIH 18,Jugador,4,1,3,15,$45.00,,
Grupo B,Bosnia,BIH 19,Jugador,2,1,1,15,$15.00,,
Grupo B,Bosnia,BIH 20,Jugador,3,1,2,15,$30.00,,
Grupo A,Rep. Checa,CZE 1,Escudo,4,1,3,50,$150.00,,
Grupo A,Rep. Checa,CZE 2,Jugador,4,2,2,15,$30.00,,
Grupo A,Rep. Checa,CZE 3,Jugador,1,0,1,15,$15.00,,
Grupo A,Rep. Checa,CZE 4,Jugador,4,1,3,15,$45.00,,
Grupo A,Rep. Checa,CZE 5,Jugador,2,0,2,15,$30.00,,
Grupo A,Rep. Checa,CZE 6,Jugador,5,0,5,15,$75.00,,
Grupo A,Rep. Checa,CZE 7,Jugador,4,0,4,15,$60.00,,
Grupo A,Rep. Checa,CZE 8,Jugador,4,0,4,15,$60.00,,
Grupo A,Rep. Checa,CZE 9,Jugador,3,0,3,15,$45.00,,
Grupo A,Rep. Checa,CZE 10,Jugador,7,0,7,15,$105.00,,
Grupo A,Rep. Checa,CZE 11,Jugador,1,0,1,15,$15.00,,
Grupo A,Rep. Checa,CZE 12,Jugador,2,0,2,15,$30.00,,
Grupo A,Rep. Checa,CZE 13,Foto del equipo,5,1,4,15,$60.00,,
Grupo A,Rep. Checa,CZE 14,Jugador,3,0,3,15,$45.00,,
Grupo A,Rep. Checa,CZE 15,Jugador,7,0,7,15,$105.00,,
Grupo A,Rep. Checa,CZE 16,Jugador,4,0,4,15,$60.00,,
Grupo A,Rep. Checa,CZE 17,Jugador,4,0,4,15,$60.00,,
Grupo A,Rep. Checa,CZE 18,Jugador,4,1,3,15,$45.00,,
Grupo A,Rep. Checa,CZE 19,Jugador,3,1,2,15,$30.00,,
Grupo A,Rep. Checa,CZE 20,Jugador,3,0,3,15,$45.00,,
Grupo I,Irak,IRQ 1,Escudo,7,0,7,50,$350.00,,
Grupo I,Irak,IRQ 2,Jugador,2,0,2,15,$30.00,,
Grupo I,Irak,IRQ 3,Jugador,2,1,1,15,$15.00,,
Grupo I,Irak,IRQ 4,Jugador,2,1,1,15,$15.00,,
Grupo I,Irak,IRQ 5,Jugador,2,1,1,15,$15.00,,
Grupo I,Irak,IRQ 6,Jugador,4,0,4,15,$60.00,,
Grupo I,Irak,IRQ 7,Jugador,4,1,3,15,$45.00,,
Grupo I,Irak,IRQ 8,Jugador,2,0,2,15,$30.00,,
Grupo I,Irak,IRQ 9,Jugador,7,0,7,15,$105.00,,
Grupo I,Irak,IRQ 10,Jugador,4,0,4,15,$60.00,,
Grupo I,Irak,IRQ 11,Jugador,5,1,4,15,$60.00,,
Grupo I,Irak,IRQ 12,Jugador,4,0,4,15,$60.00,,
Grupo I,Irak,IRQ 13,Foto del equipo,4,1,3,15,$45.00,,
Grupo I,Irak,IRQ 14,Jugador,4,0,4,15,$60.00,,
Grupo I,Irak,IRQ 15,Jugador,7,0,7,15,$105.00,,
Grupo I,Irak,IRQ 16,Jugador,4,1,3,15,$45.00,,
Grupo I,Irak,IRQ 17,Jugador,4,0,4,15,$60.00,,
Grupo I,Irak,IRQ 18,Jugador,4,0,4,15,$60.00,,
Grupo I,Irak,IRQ 19,Jugador,3,0,3,15,$45.00,,
Grupo I,Irak,IRQ 20,Jugador,3,0,3,15,$45.00,,
Grupo I,Francia,FRA 1,Escudo,3,0,3,50,$150.00,,
Grupo I,Francia,FRA 2,Jugador,3,0,3,15,$45.00,,
Grupo I,Francia,FRA 3,Jugador,4,0,4,15,$60.00,,
Grupo I,Francia,FRA 4,Jugador,4,0,4,15,$60.00,,
Grupo I,Francia,FRA 5,Jugador,6,0,6,15,$90.00,,
Grupo I,Francia,FRA 6,Jugador,3,0,3,15,$45.00,,
Grupo I,Francia,FRA 7,Jugador,5,0,5,15,$75.00,,
Grupo I,Francia,FRA 8,Jugador,7,0,7,15,$105.00,,
Grupo I,Francia,FRA 9,Jugador,5,0,5,15,$75.00,,
Grupo I,Francia,FRA 10,Jugador,5,0,5,15,$75.00,,
Grupo I,Francia,FRA 11,Jugador,4,2,2,15,$30.00,,
Grupo I,Francia,FRA 12,Jugador,2,0,2,15,$30.00,,
Grupo I,Francia,FRA 13,Foto del equipo,4,0,4,15,$60.00,,
Grupo I,Francia,FRA 14,Jugador,4,0,4,15,$60.00,,
Grupo I,Francia,FRA 15,Jugador,5,0,5,15,$75.00,,
Grupo I,Francia,FRA 16,Jugador,3,0,3,15,$45.00,,
Grupo I,Francia,FRA 17,Jugador,4,0,4,15,$60.00,,
Grupo I,Francia,FRA 18,Jugador,5,0,5,15,$75.00,,
Grupo I,Francia,FRA 19,Jugador,4,0,4,15,$60.00,,
Grupo I,Francia,FRA 20,Jugador Estrella,2,1,1,50,$50.00,,
Grupo A,Corea del Sur,KOR 1,Escudo,5,1,4,50,$200.00,,
Grupo A,Corea del Sur,KOR 2,Jugador,5,1,4,15,$60.00,,
Grupo A,Corea del Sur,KOR 3,Jugador,6,0,6,15,$90.00,,
Grupo A,Corea del Sur,KOR 4,Jugador,6,1,5,15,$75.00,,
Grupo A,Corea del Sur,KOR 5,Jugador,4,0,4,15,$60.00,,
Grupo A,Corea del Sur,KOR 6,Jugador,4,0,4,15,$60.00,,
Grupo A,Corea del Sur,KOR 7,Jugador,5,0,5,15,$75.00,,
Grupo A,Corea del Sur,KOR 8,Jugador,4,0,4,15,$60.00,,
Grupo A,Corea del Sur,KOR 9,Jugador,3,0,3,15,$45.00,,
Grupo A,Corea del Sur,KOR 10,Jugador,2,0,2,15,$30.00,,
Grupo A,Corea del Sur,KOR 11,Jugador,6,1,5,15,$75.00,,
Grupo A,Corea del Sur,KOR 12,Jugador,5,0,5,15,$75.00,,
Grupo A,Corea del Sur,KOR 13,Foto del equipo,2,1,1,15,$15.00,,
Grupo A,Corea del Sur,KOR 14,Jugador,3,0,3,15,$45.00,,
Grupo A,Corea del Sur,KOR 15,Jugador,4,1,3,15,$45.00,,
Grupo A,Corea del Sur,KOR 16,Jugador,3,1,2,15,$30.00,,
Grupo A,Corea del Sur,KOR 17,Jugador,3,1,2,15,$30.00,,
Grupo A,Corea del Sur,KOR 18,Jugador,4,1,3,15,$45.00,,
Grupo A,Corea del Sur,KOR 19,Jugador,3,1,2,15,$30.00,,
Grupo A,Corea del Sur,KOR 20,Jugador,4,1,3,15,$45.00,,
Grupo K,RD Congo,COD 1,Escudo,3,0,3,50,$150.00,,
Grupo K,RD Congo,COD 2,Jugador,5,0,5,15,$75.00,,
Grupo K,RD Congo,COD 3,Jugador,3,0,3,15,$45.00,,
Grupo K,RD Congo,COD 4,Jugador,3,0,3,15,$45.00,,
Grupo K,RD Congo,COD 5,Jugador,5,0,5,15,$75.00,,
Grupo K,RD Congo,COD 6,Jugador,4,0,4,15,$60.00,,
Grupo K,RD Congo,COD 7,Jugador,7,0,7,15,$105.00,,
Grupo K,RD Congo,COD 8,Jugador,3,1,2,15,$30.00,,
Grupo K,RD Congo,COD 9,Jugador,3,1,2,15,$30.00,,
Grupo K,RD Congo,COD 10,Jugador,3,0,3,15,$45.00,,
Grupo K,RD Congo,COD 11,Jugador,6,0,6,15,$90.00,,
Grupo K,RD Congo,COD 12,Jugador,3,1,2,15,$30.00,,
Grupo K,RD Congo,COD 13,Foto del equipo,3,1,2,15,$30.00,,
Grupo K,RD Congo,COD 14,Jugador,5,1,4,15,$60.00,,
Grupo K,RD Congo,COD 15,Jugador,4,1,3,15,$45.00,,
Grupo K,RD Congo,COD 16,Jugador,5,0,5,15,$75.00,,
Grupo K,RD Congo,COD 17,Jugador,3,1,2,15,$30.00,,
Grupo K,RD Congo,COD 18,Jugador,3,1,2,15,$30.00,,
Grupo K,RD Congo,COD 19,Jugador,4,0,4,15,$60.00,,
Grupo K,RD Congo,COD 20,Jugador,3,0,3,15,$45.00,,
Grupo C,Escocia,SCO 1,Escudo,8,0,8,50,$400.00,,
Grupo C,Escocia,SCO 2,Jugador,4,0,4,15,$60.00,,
Grupo C,Escocia,SCO 3,Jugador,4,0,4,15,$60.00,,
Grupo C,Escocia,SCO 4,Jugador,3,0,3,15,$45.00,,
Grupo C,Escocia,SCO 5,Jugador,4,0,4,15,$60.00,,
Grupo C,Escocia,SCO 6,Jugador,3,0,3,15,$45.00,,
Grupo C,Escocia,SCO 7,Jugador,5,1,4,15,$60.00,,
Grupo C,Escocia,SCO 8,Jugador,5,0,5,15,$75.00,,
Grupo C,Escocia,SCO 9,Jugador,4,0,4,15,$60.00,,
Grupo C,Escocia,SCO 10,Jugador,8,0,8,15,$120.00,,
Grupo C,Escocia,SCO 11,Jugador,3,0,3,15,$45.00,,
Grupo C,Escocia,SCO 12,Jugador,3,0,3,15,$45.00,,
Grupo C,Escocia,SCO 13,Foto del equipo,4,0,4,15,$60.00,,
Grupo C,Escocia,SCO 14,Jugador,3,0,3,15,$45.00,,
Grupo C,Escocia,SCO 15,Jugador,3,0,3,15,$45.00,,
Grupo C,Escocia,SCO 16,Jugador,5,0,5,15,$75.00,,
Grupo C,Escocia,SCO 17,Jugador,3,0,3,15,$45.00,,
Grupo C,Escocia,SCO 18,Jugador,5,0,5,15,$75.00,,
Grupo C,Escocia,SCO 19,Jugador,5,0,5,15,$75.00,,
Grupo C,Escocia,SCO 20,Jugador,3,0,3,15,$45.00,,
Grupo C,Brasil,BRA 1,Escudo,4,1,3,45,$135.00,,
Grupo C,Brasil,BRA 2,Jugador,3,1,2,15,$30.00,,
Grupo C,Brasil,BRA 3,Jugador,3,0,3,15,$45.00,,
Grupo C,Brasil,BRA 4,Jugador,5,2,3,15,$45.00,,
Grupo C,Brasil,BRA 5,Jugador,1,1,0,15,$0.00,,
Grupo C,Brasil,BRA 6,Jugador,2,1,1,15,$15.00,,
Grupo C,Brasil,BRA 7,Jugador,7,2,5,15,$75.00,,
Grupo C,Brasil,BRA 8,Jugador,4,1,3,15,$45.00,,
Grupo C,Brasil,BRA 9,Jugador,6,0,6,15,$90.00,,
Grupo C,Brasil,BRA 10,Jugador,5,0,5,15,$75.00,,
Grupo C,Brasil,BRA 11,Jugador,4,0,4,15,$60.00,,
Grupo C,Brasil,BRA 12,Jugador,4,0,4,15,$60.00,,
Grupo C,Brasil,BRA 13,Foto del equipo,3,0,3,30,$90.00,,
Grupo C,Brasil,BRA 14,Jugador Estrella,4,1,3,50,$150.00,,
Grupo C,Brasil,BRA 15,Jugador,3,1,2,15,$30.00,,
Grupo C,Brasil,BRA 16,Jugador,3,0,3,15,$45.00,,
Grupo C,Brasil,BRA 17,Jugador,4,0,4,15,$60.00,,
Grupo C,Brasil,BRA 18,Jugador,5,1,4,15,$60.00,,
Grupo C,Brasil,BRA 19,Jugador,3,1,2,15,$30.00,,
Grupo C,Brasil,BRA 20,Jugador,2,0,2,15,$30.00,,
Grupo F,Suecia,SWE 1,Escudo,4,0,4,50,$200.00,,
Grupo F,Suecia,SWE 2,Jugador,2,0,2,15,$30.00,,
Grupo F,Suecia,SWE 3,Jugador,3,0,3,15,$45.00,,
Grupo F,Suecia,SWE 4,Jugador,3,0,3,15,$45.00,,
Grupo F,Suecia,SWE 5,Jugador,4,0,4,15,$60.00,,
Grupo F,Suecia,SWE 6,Jugador,2,1,1,15,$15.00,,
Grupo F,Suecia,SWE 7,Jugador,2,0,2,15,$30.00,,
Grupo F,Suecia,SWE 8,Jugador,7,0,7,15,$105.00,,
Grupo F,Suecia,SWE 9,Jugador,5,1,4,15,$60.00,,
Grupo F,Suecia,SWE 10,Jugador,4,0,4,15,$60.00,,
Grupo F,Suecia,SWE 11,Jugador,2,0,2,15,$30.00,,
Grupo F,Suecia,SWE 12,Jugador,2,1,1,15,$15.00,,
Grupo F,Suecia,SWE 13,Foto del equipo,2,1,1,15,$15.00,,
Grupo F,Suecia,SWE 14,Jugador,7,0,7,15,$105.00,,
Grupo F,Suecia,SWE 15,Jugador,3,1,2,15,$30.00,,
Grupo F,Suecia,SWE 16,Jugador,2,0,2,15,$30.00,,
Grupo F,Suecia,SWE 17,Jugador,3,0,3,15,$45.00,,
Grupo F,Suecia,SWE 18,Jugador,6,0,6,15,$90.00,,
Grupo F,Suecia,SWE 19,Jugador,3,0,3,15,$45.00,,
Grupo F,Suecia,SWE 20,Jugador,2,0,2,15,$30.00,,
Grupo D,Turquía,TUR 1,Escudo,3,0,3,50,$150.00,,
Grupo D,Turquía,TUR 2,Jugador,4,0,4,15,$60.00,,
Grupo D,Turquía,TUR 3,Jugador,7,0,7,15,$105.00,,
Grupo D,Turquía,TUR 4,Jugador,2,0,2,15,$30.00,,
Grupo D,Turquía,TUR 5,Jugador,3,1,2,15,$30.00,,
Grupo D,Turquía,TUR 6,Jugador,4,0,4,15,$60.00,,
Grupo D,Turquía,TUR 7,Jugador,7,0,7,15,$105.00,,
Grupo D,Turquía,TUR 8,Jugador,2,0,2,15,$30.00,,
Grupo D,Turquía,TUR 9,Jugador,4,0,4,15,$60.00,,
Grupo D,Turquía,TUR 10,Jugador,4,0,4,15,$60.00,,
Grupo D,Turquía,TUR 11,Jugador,7,0,7,15,$105.00,,
Grupo D,Turquía,TUR 12,Jugador,3,0,3,15,$45.00,,
Grupo D,Turquía,TUR 13,Foto del equipo,3,1,2,15,$30.00,,
Grupo D,Turquía,TUR 14,Jugador,3,0,3,15,$45.00,,
Grupo D,Turquía,TUR 15,Jugador,3,0,3,15,$45.00,,
Grupo D,Turquía,TUR 16,Jugador,3,0,3,15,$45.00,,
Grupo D,Turquía,TUR 17,Jugador,4,0,4,15,$60.00,,
Grupo D,Turquía,TUR 18,Jugador,3,0,3,15,$45.00,,
Grupo D,Turquía,TUR 19,Jugador,3,1,2,15,$30.00,,
Grupo D,Turquía,TUR 20,Jugador,5,0,5,15,$75.00,,
Grupo I,Noruega,NOR 1,Escudo,4,0,4,50,$200.00,,
Grupo I,Noruega,NOR 2,Jugador,5,0,5,15,$75.00,,
Grupo I,Noruega,NOR 3,Jugador,5,0,5,15,$75.00,,
Grupo I,Noruega,NOR 4,Jugador,6,0,6,15,$90.00,,
Grupo I,Noruega,NOR 5,Jugador,4,0,4,15,$60.00,,
Grupo I,Noruega,NOR 6,Jugador,6,0,6,15,$90.00,,
Grupo I,Noruega,NOR 7,Jugador,5,0,5,15,$75.00,,
Grupo I,Noruega,NOR 8,Jugador,6,0,6,15,$90.00,,
Grupo I,Noruega,NOR 9,Jugador,4,0,4,15,$60.00,,
Grupo I,Noruega,NOR 10,Jugador,4,0,4,15,$60.00,,
Grupo I,Noruega,NOR 11,Jugador,4,0,4,15,$60.00,,
Grupo I,Noruega,NOR 12,Jugador,4,0,4,15,$60.00,,
Grupo I,Noruega,NOR 13,Foto del equipo,2,0,2,15,$30.00,,
Grupo I,Noruega,NOR 14,Jugador,4,0,4,15,$60.00,,
Grupo I,Noruega,NOR 15,Jugador  Estrella,4,0,4,50,$200.00,,
Grupo I,Noruega,NOR 16,Jugador,5,0,5,15,$75.00,,
Grupo I,Noruega,NOR 17,Jugador,6,0,6,15,$90.00,,
Grupo I,Noruega,NOR 18,Jugador,6,0,6,15,$90.00,,
Grupo I,Noruega,NOR 19,Jugador,3,0,3,15,$45.00,,
Grupo I,Noruega,NOR 20,Jugador,4,1,3,15,$45.00,,
Grupo H,España ,ESP 1,Escudo,3,0,3,50,$150.00,,
Grupo H,España ,ESP 2,Jugador,4,1,3,15,$45.00,,
Grupo H,España ,ESP 3,Jugador,6,1,5,15,$75.00,,
Grupo H,España ,ESP 4,Jugador,3,1,2,15,$30.00,,
Grupo H,España ,ESP 5,Jugador,5,1,4,15,$60.00,,
Grupo H,España ,ESP 6,Jugador,4,1,3,15,$45.00,,
Grupo H,España ,ESP 7,Jugador,8,1,7,15,$105.00,,
Grupo H,España ,ESP 8,Jugador,5,1,4,15,$60.00,,
Grupo H,España ,ESP 9,Jugador,4,1,3,15,$45.00,,
Grupo H,España ,ESP 10,Jugador,5,1,4,15,$60.00,,
Grupo H,España ,ESP 11,Jugador,4,1,3,15,$45.00,,
Grupo H,España ,ESP 12,Jugador,2,1,1,15,$15.00,,
Grupo H,España ,ESP 13,Foto del equipo,5,1,4,15,$60.00,,
Grupo H,España ,ESP 14,Jugador,6,2,4,15,$60.00,,
Grupo H,España ,ESP 15,Jugador Estrella ,3,0,3,50,$150.00,,
Grupo H,España ,ESP 16,Jugador,5,1,4,15,$60.00,,
Grupo H,España ,ESP 17,Jugador,5,1,4,15,$60.00,,
Grupo H,España ,ESP 18,Jugador,5,1,4,15,$60.00,,
Grupo H,España ,ESP 19,Jugador,3,1,2,15,$30.00,,
Grupo H,España ,ESP 20,Jugador,4,1,3,15,$45.00,,
Grupo E,Alemania,GER 1,Escudo,3,1,2,50,$100.00,,
Grupo E,Alemania,GER 2,Jugador,3,0,3,15,$45.00,,
Grupo E,Alemania,GER 3,Jugador,7,0,7,15,$105.00,,
Grupo E,Alemania,GER 4,Jugador,6,0,6,15,$90.00,,
Grupo E,Alemania,GER 5,Jugador,4,0,4,15,$60.00,,
Grupo E,Alemania,GER 6,Jugador,7,0,7,15,$105.00,,
Grupo E,Alemania,GER 7,Jugador,4,0,4,15,$60.00,,
Grupo E,Alemania,GER 8,Jugador,3,0,3,15,$45.00,,
Grupo E,Alemania,GER 9,Jugador,4,1,3,15,$45.00,,
Grupo E,Alemania,GER 10,Jugador,5,0,5,15,$75.00,,
Grupo E,Alemania,GER 11,Jugador,3,0,3,15,$45.00,,
Grupo E,Alemania,GER 12,Jugador,4,0,4,15,$60.00,,
Grupo E,Alemania,GER 13,Foto del equipo,6,0,6,15,$90.00,,
Grupo E,Alemania,GER 14,Jugador,4,0,4,15,$60.00,,
Grupo E,Alemania,GER 15,Jugador,5,0,5,15,$75.00,,
Grupo E,Alemania,GER 16,Jugador,6,0,6,15,$90.00,,
Grupo E,Alemania,GER 17,Jugador,4,0,4,15,$60.00,,
Grupo E,Alemania,GER 18,Jugador,5,0,5,15,$75.00,,
Grupo E,Alemania,GER 19,Jugador,3,0,3,15,$45.00,,
Grupo E,Alemania,GER 20,Jugador,4,0,4,15,$60.00,,
Grupo F ,Japón,JPN 1,Escudo,4,1,3,50,$150.00,,
Grupo F ,Japón,JPN 2,Jugador,6,0,6,15,$90.00,,
Grupo F ,Japón,JPN 3,Jugador,5,0,5,15,$75.00,,
Grupo F ,Japón,JPN 4,Jugador,6,0,6,15,$90.00,,
Grupo F ,Japón,JPN 5,Jugador,5,0,5,15,$75.00,,
Grupo F ,Japón,JPN 6,Jugador,4,0,4,15,$60.00,,
Grupo F ,Japón,JPN 7,Jugador,6,0,6,15,$90.00,,
Grupo F ,Japón,JPN 8,Jugador,3,0,3,15,$45.00,,
Grupo F ,Japón,JPN 9,Jugador,5,1,4,15,$60.00,,
Grupo F ,Japón,JPN 10,Jugador,4,0,4,15,$60.00,,
Grupo F ,Japón,JPN 11,Jugador,4,0,4,15,$60.00,,
Grupo F ,Japón,JPN 12,Jugador,6,0,6,15,$90.00,,
Grupo F ,Japón,JPN 13,Foto del equipo,3,0,3,15,$45.00,,
Grupo F ,Japón,JPN 14,Jugador,5,0,5,15,$75.00,,
Grupo F ,Japón,JPN 15,Jugador,4,0,4,15,$60.00,,
Grupo F ,Japón,JPN 16,Jugador,3,0,3,15,$45.00,,
Grupo F ,Japón,JPN 17,Jugador,5,0,5,15,$75.00,,
Grupo F ,Japón,JPN 18,Jugador,2,0,2,15,$30.00,,
Grupo F ,Japón,JPN 19,Jugador,6,1,5,15,$75.00,,
Grupo F ,Japón,JPN 20,Jugador,6,0,6,15,$90.00,,
Grupo C ,Marruecos ,MAR 1,Escudo,6,0,6,50,$300.00,,
Grupo C ,Marruecos ,MAR 2,Jugador,6,0,6,15,$90.00,,
Grupo C ,Marruecos ,MAR 3,Jugador,4,0,4,15,$60.00,,
Grupo C ,Marruecos ,MAR 4,Jugador,5,0,5,15,$75.00,,
Grupo C ,Marruecos ,MAR 5,Jugador,2,0,2,15,$30.00,,
Grupo C ,Marruecos ,MAR 6,Jugador,3,0,3,15,$45.00,,
Grupo C ,Marruecos ,MAR 7,Jugador,4,0,4,15,$60.00,,
Grupo C ,Marruecos ,MAR 8,Jugador,5,0,5,15,$75.00,,
Grupo C ,Marruecos ,MAR 9,Jugador,5,0,5,15,$75.00,,
Grupo C ,Marruecos ,MAR 10,Jugador,5,0,5,15,$75.00,,
Grupo C ,Marruecos ,MAR 11,Jugador,4,0,4,15,$60.00,,
Grupo C ,Marruecos ,MAR 12,Jugador,3,0,3,15,$45.00,,
Grupo C ,Marruecos ,MAR 13,Foto del equipo,3,0,3,15,$45.00,,
Grupo C ,Marruecos ,MAR 14,Jugador,4,0,4,15,$60.00,,
Grupo C ,Marruecos ,MAR 15,Jugador,3,0,3,15,$45.00,,
Grupo C ,Marruecos ,MAR 16,Jugador,3,1,2,15,$30.00,Pendiente de pago,
Grupo C ,Marruecos ,MAR 17,Jugador,5,0,5,15,$75.00,,
Grupo C ,Marruecos ,MAR 18,Jugador,3,0,3,15,$45.00,,
Grupo C ,Marruecos ,MAR 19,Jugador,4,0,4,15,$60.00,,
Grupo C ,Marruecos ,MAR 20,Jugador,2,0,2,15,$30.00,,
Grupo L ,Inglaterra ,ENG 1,Escudo,6,0,6,50,$300.00,,
Grupo L ,Inglaterra ,ENG 2,Jugador,6,0,6,15,$90.00,,
Grupo L ,Inglaterra ,ENG 3,Jugador,4,0,4,15,$60.00,,
Grupo L ,Inglaterra ,ENG 4,Jugador,5,0,5,15,$75.00,,
Grupo L ,Inglaterra ,ENG 5,Jugador,2,0,2,15,$30.00,,
Grupo L ,Inglaterra ,ENG 6,Jugador,3,0,3,15,$45.00,,
Grupo L ,Inglaterra ,ENG 7,Jugador,4,0,4,15,$60.00,,
Grupo L ,Inglaterra ,ENG 8,Jugador,5,0,5,15,$75.00,,
Grupo L ,Inglaterra ,ENG 9,Jugador,5,0,5,15,$75.00,,
Grupo L ,Inglaterra ,ENG 10,Jugador,5,0,5,15,$75.00,,
Grupo L ,Inglaterra ,ENG 11,Jugador,4,0,4,15,$60.00,,
Grupo L ,Inglaterra ,ENG 12,Jugador,3,0,3,15,$45.00,,
Grupo L ,Inglaterra ,ENG 13,Foto del equipo,3,0,3,15,$45.00,,
Grupo L ,Inglaterra ,ENG 14,Jugador,4,0,4,15,$60.00,,
Grupo L ,Inglaterra ,ENG 15,Jugador,3,0,3,15,$45.00,,
Grupo L ,Inglaterra ,ENG 16,Jugador,3,0,3,15,$45.00,,
Grupo L ,Inglaterra ,ENG 17,Jugador,5,0,5,15,$75.00,,
Grupo L ,Inglaterra ,ENG 18,Jugador,3,0,3,15,$45.00,,
Grupo L ,Inglaterra ,ENG 19,Jugador,4,0,4,15,$60.00,,
Grupo L ,Inglaterra ,ENG 20,Jugador,2,0,2,15,$30.00,,
Grupo I,Senegal,SEN 1,Escudo,3,0,3,50,$150.00,,
Grupo I,Senegal,SEN 2,Jugador,3,0,3,15,$45.00,,
Grupo I,Senegal,SEN 3,Jugador,12,1,11,15,$165.00,,
Grupo I,Senegal,SEN 4,Jugador,4,0,4,15,$60.00,,
Grupo I,Senegal,SEN 5,Jugador,4,0,4,15,$60.00,,
Grupo I,Senegal,SEN 6,Jugador,5,0,5,15,$75.00,,
Grupo I,Senegal,SEN 7,Jugador,7,1,6,15,$90.00,,
Grupo I,Senegal,SEN 8,Jugador,3,0,3,15,$45.00,,
Grupo I,Senegal,SEN 9,Jugador,6,0,6,15,$90.00,,
Grupo I,Senegal,SEN 10,Jugador,4,0,4,15,$60.00,,
Grupo I,Senegal,SEN 11,Jugador,3,0,3,15,$45.00,,
Grupo I,Senegal,SEN 12,Jugador,5,0,5,15,$75.00,,
Grupo I,Senegal,SEN 13,Foto del equipo,4,0,4,15,$60.00,,
Grupo I,Senegal,SEN 14,Jugador,5,1,4,15,$60.00,,
Grupo I,Senegal,SEN 15,Jugador,4,0,4,15,$60.00,,
Grupo I,Senegal,SEN 16,Jugador,6,2,4,15,$60.00,,
Grupo I,Senegal,SEN 17,Jugador,2,1,1,15,$15.00,,
Grupo I,Senegal,SEN 18,Jugador,5,1,4,15,$60.00,,
Grupo I,Senegal,SEN 19,Jugador,5,0,5,15,$75.00,,
Grupo I,Senegal,SEN 20,Jugador,5,0,5,15,$75.00,,
Grupo G,IR Iran,IRN 1,Escudo,10,0,10,50,$500.00,,
Grupo G,IR Iran,IRN 2,Jugador,4,0,4,15,$60.00,,
Grupo G,IR Iran,IRN 3,Jugador,3,0,3,15,$45.00,,
Grupo G,IR Iran,IRN 4,Jugador,3,0,3,15,$45.00,,
Grupo G,IR Iran,IRN 5,Jugador,4,0,4,15,$60.00,,
Grupo G,IR Iran,IRN 6,Jugador,4,0,4,15,$60.00,,
Grupo G,IR Iran,IRN 7,Jugador,4,0,4,15,$60.00,,
Grupo G,IR Iran,IRN 8,Jugador,3,0,3,15,$45.00,,
Grupo G,IR Iran,IRN 9,Jugador,2,0,2,15,$30.00,,
Grupo G,IR Iran,IRN 10,Jugador,4,0,4,15,$60.00,,
Grupo G,IR Iran,IRN 11,Jugador,3,0,3,15,$45.00,,
Grupo G,IR Iran,IRN 12,Jugador,6,0,6,15,$90.00,,
Grupo G,IR Iran,IRN 13,Foto del equipo,4,0,4,15,$60.00,,
Grupo G,IR Iran,IRN 14,Jugador,3,0,3,15,$45.00,,
Grupo G,IR Iran,IRN 15,Jugador,5,0,5,15,$75.00,,
Grupo G,IR Iran,IRN 16,Jugador,4,0,4,15,$60.00,,
Grupo G,IR Iran,IRN 17,Jugador,4,0,4,15,$60.00,,
Grupo G,IR Iran,IRN 18,Jugador,2,0,2,15,$30.00,,
Grupo G,IR Iran,IRN 19,Jugador,5,1,4,15,$60.00,,
Grupo G,IR Iran,IRN 20,Jugador,3,0,3,15,$45.00,,
Grupo K,Portugal ,POR 1,Escudo,3,0,3,50,$150.00,,
Grupo K,Portugal ,POR 2,Jugador,5,0,5,15,$75.00,,
Grupo K,Portugal ,POR 3,Jugador,3,0,3,15,$45.00,,
Grupo K,Portugal ,POR 4,Jugador,6,0,6,15,$90.00,,
Grupo K,Portugal ,POR 5,Jugador,5,0,5,15,$75.00,,
Grupo K,Portugal ,POR 6,Jugador,3,0,3,15,$45.00,,
Grupo K,Portugal ,POR 7,Jugador,3,0,3,15,$45.00,,
Grupo K,Portugal ,POR 8,Jugador,3,1,2,15,$30.00,,
Grupo K,Portugal ,POR 9,Jugador,4,0,4,15,$60.00,,
Grupo K,Portugal ,POR 10,Jugador,4,0,4,15,$60.00,,
Grupo K,Portugal ,POR 11,Jugador,3,2,1,15,$15.00,,
Grupo K,Portugal ,POR 12,Jugador,5,0,5,15,$75.00,,
Grupo K,Portugal ,POR 13,Foto del equipo,5,0,5,15,$75.00,,
Grupo K,Portugal ,POR 14,Jugador,4,0,4,15,$60.00,,
Grupo K,Portugal ,POR 15,Jugador Estrella,4,1,3,50,$150.00,,
Grupo K,Portugal ,POR 16,Jugador,4,0,4,15,$60.00,,
Grupo K,Portugal ,POR 17,Jugador,3,0,3,15,$45.00,,
Grupo K,Portugal ,POR 18,Jugador,5,0,5,15,$75.00,,
Grupo K,Portugal ,POR 19,Jugador,3,0,3,15,$45.00,,
Grupo K,Portugal ,POR 20,Jugador,4,0,4,15,$60.00,,
Grupo L ,Panamá ,PAN 1,Escudo,5,0,5,50,$250.00,,
Grupo L ,Panamá ,PAN 2,Jugador,6,0,6,15,$90.00,,
Grupo L ,Panamá ,PAN 3,Jugador,5,0,5,15,$75.00,,
Grupo L ,Panamá ,PAN 4,Jugador,3,0,3,15,$45.00,,
Grupo L ,Panamá ,PAN 5,Jugador,5,0,5,15,$75.00,,
Grupo L ,Panamá ,PAN 6,Jugador,4,0,4,15,$60.00,,
Grupo L ,Panamá ,PAN 7,Jugador,4,0,4,15,$60.00,,
Grupo L ,Panamá ,PAN 8,Jugador,4,0,4,15,$60.00,,
Grupo L ,Panamá ,PAN 9,Jugador,5,0,5,15,$75.00,,
Grupo L ,Panamá ,PAN 10,Jugador,5,0,5,15,$75.00,,
Grupo L ,Panamá ,PAN 11,Jugador,6,0,6,15,$90.00,,
Grupo L ,Panamá ,PAN 12,Jugador,3,0,3,15,$45.00,,
Grupo L ,Panamá ,PAN 13,Foto del equipo,5,0,5,15,$75.00,,
Grupo L ,Panamá ,PAN 14,Jugador,5,0,5,15,$75.00,,
Grupo L ,Panamá ,PAN 15,Jugador,3,0,3,15,$45.00,,
Grupo L ,Panamá ,PAN 16,Jugador,5,0,5,15,$75.00,,
Grupo L ,Panamá ,PAN 17,Jugador,6,0,6,15,$90.00,,
Grupo L ,Panamá ,PAN 18,Jugador,3,0,3,15,$45.00,,
Grupo L ,Panamá ,PAN 19,Jugador,3,0,3,15,$45.00,,
Grupo L ,Panamá ,PAN 20,Jugador,5,0,5,15,$75.00,,
Grupo J ,Argelia,ALG 1,Escudo,2,0,2,50,$100.00,,
Grupo J ,Argelia,ALG 2,Jugador,4,0,4,15,$60.00,,
Grupo J ,Argelia,ALG 3,Jugador,4,0,4,15,$60.00,,
Grupo J ,Argelia,ALG 4,Jugador,4,0,4,15,$60.00,,
Grupo J ,Argelia,ALG 5,Jugador,3,0,3,15,$45.00,,
Grupo J ,Argelia,ALG 6,Jugador,4,0,4,15,$60.00,,
Grupo J ,Argelia,ALG 7,Jugador,6,0,6,15,$90.00,,
Grupo J ,Argelia,ALG 8,Jugador,5,0,5,15,$75.00,,
Grupo J ,Argelia,ALG 9,Jugador,3,0,3,15,$45.00,,
Grupo J ,Argelia,ALG 10,Jugador,3,0,3,15,$45.00,,
Grupo J ,Argelia,ALG 11,Jugador,4,0,4,15,$60.00,,
Grupo J ,Argelia,ALG 12,Jugador,4,0,4,15,$60.00,,
Grupo J ,Argelia,ALG 13,Foto del equipo,4,0,4,15,$60.00,,
Grupo J ,Argelia,ALG 14,Jugador,3,0,3,15,$45.00,,
Grupo J ,Argelia,ALG 15,Jugador,5,0,5,15,$75.00,,
Grupo J ,Argelia,ALG 16,Jugador,5,0,5,15,$75.00,,
Grupo J ,Argelia,ALG 17,Jugador,3,0,3,15,$45.00,,
Grupo J ,Argelia,ALG 18,Jugador,4,0,4,15,$60.00,,
Grupo J ,Argelia,ALG 19,Jugador,5,0,5,15,$75.00,,
Grupo J ,Argelia,ALG 20,Jugador,3,0,3,15,$45.00,,
Grupo D ,Australia,AUS 1,Escudo,2,0,2,50,$100.00,,
Grupo D ,Australia,AUS 2,Jugador,4,0,4,15,$60.00,,
Grupo D ,Australia,AUS 3,Jugador,7,0,7,15,$105.00,,
Grupo D ,Australia,AUS 4,Jugador,2,0,2,15,$30.00,,
Grupo D ,Australia,AUS 5,Jugador,7,0,7,15,$105.00,,
Grupo D ,Australia,AUS 6,Jugador,6,0,6,15,$90.00,,
Grupo D ,Australia,AUS 7,Jugador,4,0,4,15,$60.00,,
Grupo D ,Australia,AUS 8,Jugador,5,0,5,15,$75.00,,
Grupo D ,Australia,AUS 9,Jugador,6,0,6,15,$90.00,,
Grupo D ,Australia,AUS 10,Jugador,6,0,6,15,$90.00,,
Grupo D ,Australia,AUS 11,Jugador,3,0,3,15,$45.00,,
Grupo D ,Australia,AUS 12,Jugador,5,0,5,15,$75.00,,
Grupo D ,Australia,AUS 13,Foto del equipo,5,1,4,15,$60.00,,
Grupo D ,Australia,AUS 14,Jugador,5,0,5,15,$75.00,,
Grupo D ,Australia,AUS 15,Jugador,5,0,5,15,$75.00,,
Grupo D ,Australia,AUS 16,Jugador,6,0,6,15,$90.00,,
Grupo D ,Australia,AUS 17,Jugador,5,0,5,15,$75.00,,
Grupo D ,Australia,AUS 18,Jugador,4,0,4,15,$60.00,,
Grupo D ,Australia,AUS 19,Jugador,4,0,4,15,$60.00,,
Grupo D ,Australia,AUS 20,Jugador,3,0,3,15,$45.00,,
Grupo C ,Haití ,HAI 1,Escudo,5,0,5,50,$250.00,,
Grupo C ,Haití ,HAI 2,Jugador,4,0,4,15,$60.00,,
Grupo C ,Haití ,HAI 3,Jugador,6,0,6,15,$90.00,,
Grupo C ,Haití ,HAI 4,Jugador,3,0,3,15,$45.00,,
Grupo C ,Haití ,HAI 5,Jugador,4,0,4,15,$60.00,,
Grupo C ,Haití ,HAI 6,Jugador,4,1,3,15,$45.00,,
Grupo C ,Haití ,HAI 7,Jugador,4,0,4,15,$60.00,,
Grupo C ,Haití ,HAI 8,Jugador,6,0,6,15,$90.00,,
Grupo C ,Haití ,HAI 9,Jugador,5,0,5,15,$75.00,,
Grupo C ,Haití ,HAI 10,Jugador,5,0,5,15,$75.00,,
Grupo C ,Haití ,HAI 11,Jugador,3,0,3,15,$45.00,,
Grupo C ,Haití ,HAI 12,Jugador,4,0,4,15,$60.00,,
Grupo C ,Haití ,HAI 13,Foto del equipo,3,0,3,15,$45.00,,
Grupo C ,Haití ,HAI 14,Jugador,5,0,5,15,$75.00,,
Grupo C ,Haití ,HAI 15,Jugador,4,0,4,15,$60.00,,
Grupo C ,Haití ,HAI 16,Jugador,4,0,4,15,$60.00,,
Grupo C ,Haití ,HAI 17,Jugador,5,0,5,15,$75.00,,
Grupo C ,Haití ,HAI 18,Jugador,5,0,5,15,$75.00,,
Grupo C ,Haití ,HAI 19,Jugador,4,0,4,15,$60.00,,
Grupo C ,Haití ,HAI 20,Jugador,5,1,4,15,$60.00,,
Grupo F ,Tunisia,TUN 1,Escudo,3,0,3,50,$150.00,,
Grupo F ,Tunisia,TUN 2,Jugador,5,0,5,15,$75.00,,
Grupo F ,Tunisia,TUN 3,Jugador,3,0,3,15,$45.00,,
Grupo F ,Tunisia,TUN 4,Jugador,3,0,3,15,$45.00,,
Grupo F ,Tunisia,TUN 5,Jugador,3,0,3,15,$45.00,,
Grupo F ,Tunisia,TUN 6,Jugador,2,0,2,15,$30.00,,
Grupo F ,Tunisia,TUN 7,Jugador,3,0,3,15,$45.00,,
Grupo F ,Tunisia,TUN 8,Jugador,3,0,3,15,$45.00,,
Grupo F ,Tunisia,TUN 9,Jugador,5,0,5,15,$75.00,,
Grupo F ,Tunisia,TUN 10,Jugador,5,0,5,15,$75.00,,
Grupo F ,Tunisia,TUN 11,Jugador,4,0,4,15,$60.00,,
Grupo F ,Tunisia,TUN 12,Jugador,4,0,4,15,$60.00,,
Grupo F ,Tunisia,TUN 13,Foto del equipo,3,0,3,15,$45.00,,
Grupo F ,Tunisia,TUN 14,Jugador,5,0,5,15,$75.00,,
Grupo F ,Tunisia,TUN 15,Jugador,4,0,4,15,$60.00,,
Grupo F ,Tunisia,TUN 16,Jugador,3,0,3,15,$45.00,,
Grupo F ,Tunisia,TUN 17,Jugador,6,0,6,15,$90.00,,
Grupo F ,Tunisia,TUN 18,Jugador,5,0,5,15,$75.00,,
Grupo F ,Tunisia,TUN 19,Jugador,4,0,4,15,$60.00,,
Grupo F ,Tunisia,TUN 20,Jugador,5,0,5,15,$75.00,,
Grupo G,Egipto,EGY 1,Escudo,8,0,8,50,$400.00,,
Grupo G,Egipto,EGY 2,Jugador,4,0,4,15,$60.00,,
Grupo G,Egipto,EGY 3,Jugador,2,0,2,15,$30.00,,
Grupo G,Egipto,EGY 4,Jugador,2,0,2,15,$30.00,,
Grupo G,Egipto,EGY 5,Jugador,4,1,3,15,$45.00,,
Grupo G,Egipto,EGY 6,Jugador,5,0,5,15,$75.00,,
Grupo G,Egipto,EGY 7,Jugador,5,0,5,15,$75.00,,
Grupo G,Egipto,EGY 8,Jugador,7,0,7,15,$105.00,,
Grupo G,Egipto,EGY 9,Jugador,4,0,4,15,$60.00,,
Grupo G,Egipto,EGY 10,Jugador,4,0,4,15,$60.00,,
Grupo G,Egipto,EGY 11,Jugador,4,0,4,15,$60.00,,
Grupo G,Egipto,EGY 12,Jugador,5,0,5,15,$75.00,,
Grupo G,Egipto,EGY 13,Foto del equipo,3,0,3,15,$45.00,,
Grupo G,Egipto,EGY 14,Jugador,5,0,5,15,$75.00,,
Grupo G,Egipto,EGY 15,Jugador,4,0,4,15,$60.00,,
Grupo G,Egipto,EGY 16,Jugador,5,0,5,15,$75.00,,
Grupo G,Egipto,EGY 17,Jugador,3,1,2,15,$30.00,,
Grupo G,Egipto,EGY 18,Jugador,4,0,4,15,$60.00,,
Grupo G,Egipto,EGY 19,Jugador,3,0,3,15,$45.00,,
Grupo G,Egipto,EGY 20,Jugador,5,0,5,15,$75.00,,
Grupo H,Arabia Saudita ,KSA 1,Escudo,3,0,3,50,$150.00,,
Grupo H,Arabia Saudita ,KSA 2,Jugador,12,6,6,15,$90.00,,
Grupo H,Arabia Saudita ,KSA 3,Jugador,10,5,5,15,$75.00,,
Grupo H,Arabia Saudita ,KSA 4,Jugador,10,5,5,15,$75.00,,
Grupo H,Arabia Saudita ,KSA 5,Jugador,10,5,5,15,$75.00,,
Grupo H,Arabia Saudita ,KSA 6,Jugador,7,3,4,15,$60.00,,
Grupo H,Arabia Saudita ,KSA 7,Jugador,12,6,6,15,$90.00,,
Grupo H,Arabia Saudita ,KSA 8,Jugador,10,5,5,15,$75.00,,
Grupo H,Arabia Saudita ,KSA 9,Jugador,12,6,6,15,$90.00,,
Grupo H,Arabia Saudita ,KSA 10,Jugador,2,1,1,15,$15.00,,
Grupo H,Arabia Saudita ,KSA 11,Jugador,8,4,4,15,$60.00,,
Grupo H,Arabia Saudita ,KSA 12,Jugador,10,5,5,15,$75.00,,
Grupo H,Arabia Saudita ,KSA 13,Foto del equipo,4,0,4,15,$60.00,,
Grupo H,Arabia Saudita ,KSA 14,Jugador,10,5,5,15,$75.00,,
Grupo H,Arabia Saudita ,KSA 15,Jugador,10,5,5,15,$75.00,,
Grupo H,Arabia Saudita ,KSA 16,Jugador,6,3,3,15,$45.00,,
Grupo H,Arabia Saudita ,KSA 17,Jugador,8,4,4,15,$60.00,,
Grupo H,Arabia Saudita ,KSA 18,Jugador,10,5,5,15,$75.00,,
Grupo H,Arabia Saudita ,KSA 19,Jugador,8,4,4,15,$60.00,,
Grupo H,Arabia Saudita ,KSA 20,Jugador,20,0,20,15,$300.00,,
Grupo F ,Países Bajos,NED 1,Escudo,3,0,3,50,$150.00,,
Grupo F ,Países Bajos,NED 2,Jugador,5,0,5,15,$75.00,,
Grupo F ,Países Bajos,NED 3,Jugador,4,0,4,15,$60.00,,
Grupo F ,Países Bajos,NED 4,Jugador,5,0,5,15,$75.00,,
Grupo F ,Países Bajos,NED 5,Jugador,4,0,4,15,$60.00,,
Grupo F ,Países Bajos,NED 6,Jugador,4,0,4,15,$60.00,,
Grupo F ,Países Bajos,NED 7,Jugador,6,0,6,15,$90.00,,
Grupo F ,Países Bajos,NED 8,Jugador,6,0,6,15,$90.00,,
Grupo F ,Países Bajos,NED 9,Jugador,5,0,5,15,$75.00,,
Grupo F ,Países Bajos,NED 10,Jugador,5,0,5,15,$75.00,,
Grupo F ,Países Bajos,NED 11,Jugador,2,0,2,15,$30.00,,
Grupo F ,Países Bajos,NED 12,Jugador,4,0,4,15,$60.00,,
Grupo F ,Países Bajos,NED 13,Foto del equipo,4,0,4,15,$60.00,,
Grupo F ,Países Bajos,NED 14,Jugador,4,0,4,15,$60.00,,
Grupo F ,Países Bajos,NED 15,Jugador,5,0,5,15,$75.00,,
Grupo F ,Países Bajos,NED 16,Jugador,3,0,3,15,$45.00,,
Grupo F ,Países Bajos,NED 17,Jugador,5,1,4,15,$60.00,,
Grupo F ,Países Bajos,NED 18,Jugador,2,0,2,15,$30.00,,
Grupo F ,Países Bajos,NED 19,Jugador,5,0,5,15,$75.00,,
Grupo F ,Países Bajos,NED 20,Jugador,5,0,5,15,$75.00,,
Grupo E,Curacao,CUW 1,Escudo,4,0,4,50,$200.00,,
Grupo E,Curacao,CUW 2,Jugador,3,0,3,15,$45.00,,
Grupo E,Curacao,CUW 3,Jugador,6,0,6,15,$90.00,,
Grupo E,Curacao,CUW 4,Jugador,5,0,5,15,$75.00,,
Grupo E,Curacao,CUW 5,Jugador,4,0,4,15,$60.00,,
Grupo E,Curacao,CUW 6,Jugador,2,0,2,15,$30.00,,
Grupo E,Curacao,CUW 7,Jugador,2,0,2,15,$30.00,,
Grupo E,Curacao,CUW 8,Jugador,5,0,5,15,$75.00,,
Grupo E,Curacao,CUW 9,Jugador,2,0,2,15,$30.00,,
Grupo E,Curacao,CUW 10,Jugador,5,0,5,15,$75.00,,
Grupo E,Curacao,CUW 11,Jugador,6,0,6,15,$90.00,,
Grupo E,Curacao,CUW 12,Jugador,2,0,2,15,$30.00,,
Grupo E,Curacao,CUW 13,Foto del equipo,6,0,6,15,$90.00,,
Grupo E,Curacao,CUW 14,Jugador,3,0,3,15,$45.00,,
Grupo E,Curacao,CUW 15,Jugador,4,0,4,15,$60.00,,
Grupo E,Curacao,CUW 16,Jugador,4,0,4,15,$60.00,,
Grupo E,Curacao,CUW 17,Jugador,2,0,2,15,$30.00,,
Grupo E,Curacao,CUW 18,Jugador,6,0,6,15,$90.00,,
Grupo E,Curacao,CUW 19,Jugador,3,0,3,15,$45.00,,
Grupo E,Curacao,CUW 20,Jugador,4,0,4,15,$60.00,,
Grupo J,Austria,AUT 1,Escudo,5,0,5,50,$250.00,,
Grupo J,Austria,AUT 2,Jugador,4,0,4,15,$60.00,,
Grupo J,Austria,AUT 3,Jugador,2,0,2,15,$30.00,,
Grupo J,Austria,AUT 4,Jugador,4,0,4,15,$60.00,,
Grupo J,Austria,AUT 5,Jugador,3,0,3,15,$45.00,,
Grupo J,Austria,AUT 6,Jugador,5,0,5,15,$75.00,,
Grupo J,Austria,AUT 7,Jugador,6,0,6,15,$90.00,,
Grupo J,Austria,AUT 8,Jugador,5,0,5,15,$75.00,,
Grupo J,Austria,AUT 9,Jugador,4,0,4,15,$60.00,,
Grupo J,Austria,AUT 10,Jugador,4,0,4,15,$60.00,,
Grupo J,Austria,AUT 11,Jugador,3,0,3,15,$45.00,,
Grupo J,Austria,AUT 12,Jugador,2,0,2,15,$30.00,,
Grupo J,Austria,AUT 13,Foto del equipo,6,0,6,15,$90.00,,
Grupo J,Austria,AUT 14,Jugador,7,0,7,15,$105.00,,
Grupo J,Austria,AUT 15,Jugador,4,0,4,15,$60.00,,
Grupo J,Austria,AUT 16,Jugador,3,0,3,15,$45.00,,
Grupo J,Austria,AUT 17,Jugador,5,0,5,15,$75.00,,
Grupo J,Austria,AUT 18,Jugador,5,0,5,15,$75.00,,
Grupo J,Austria,AUT 19,Jugador,2,0,2,15,$30.00,,
Grupo J,Austria,AUT 20,Jugador,5,1,4,15,$60.00,,
Grupo B,Qatar,QAT 1,Escudo,4,0,4,50,$200.00,,
Grupo B,Qatar,QAT 2,Jugador,4,0,4,15,$60.00,,
Grupo B,Qatar,QAT 3,Jugador,5,0,5,15,$75.00,,
Grupo B,Qatar,QAT 4,Jugador,4,0,4,15,$60.00,,
Grupo B,Qatar,QAT 5,Jugador,5,0,5,15,$75.00,,
Grupo B,Qatar,QAT 6,Jugador,5,0,5,15,$75.00,,
Grupo B,Qatar,QAT 7,Jugador,5,0,5,15,$75.00,,
Grupo B,Qatar,QAT 8,Jugador,7,0,7,15,$105.00,,
Grupo B,Qatar,QAT 9,Jugador,3,0,3,15,$45.00,,
Grupo B,Qatar,QAT 10,Jugador,3,0,3,15,$45.00,,
Grupo B,Qatar,QAT 11,Jugador,5,0,5,15,$75.00,,
Grupo B,Qatar,QAT 12,Jugador,3,0,3,15,$45.00,,
Grupo B,Qatar,QAT 13,Foto del equipo,4,0,4,15,$60.00,,
Grupo B,Qatar,QAT 14,Jugador,5,0,5,15,$75.00,,
Grupo B,Qatar,QAT 15,Jugador,3,0,3,15,$45.00,,
Grupo B,Qatar,QAT 16,Jugador,4,0,4,15,$60.00,,
Grupo B,Qatar,QAT 17,Jugador,5,0,5,15,$75.00,,
Grupo B,Qatar,QAT 18,Jugador,3,0,3,15,$45.00,,
Grupo B,Qatar,QAT 19,Jugador,4,0,4,15,$60.00,,
Grupo B,Qatar,QAT 20,Jugador,4,0,4,15,$60.00,,
Grupo L ,Croacia,CRO 1,Escudo,5,0,5,50,$250.00,,
Grupo L ,Croacia,CRO 2,Jugador,4,0,4,15,$60.00,,
Grupo L ,Croacia,CRO 3,Jugador,3,0,3,15,$45.00,,
Grupo L ,Croacia,CRO 4,Jugador,4,0,4,15,$60.00,,
Grupo L ,Croacia,CRO 5,Jugador,6,1,5,15,$75.00,,
Grupo L ,Croacia,CRO 6,Jugador,6,0,6,15,$90.00,,
Grupo L ,Croacia,CRO 7,Jugador,5,0,5,15,$75.00,,
Grupo L ,Croacia,CRO 8,Jugador,5,0,5,15,$75.00,,
Grupo L ,Croacia,CRO 9,Jugador,4,0,4,15,$60.00,,
Grupo L ,Croacia,CRO 10,Jugador,6,0,6,15,$90.00,,
Grupo L ,Croacia,CRO 11,Jugador,6,0,6,15,$90.00,,
Grupo L ,Croacia,CRO 12,Jugador,4,0,4,15,$60.00,,
Grupo L ,Croacia,CRO 13,Foto del equipo,6,0,6,15,$90.00,,
Grupo L ,Croacia,CRO 14,Jugador,3,0,3,15,$45.00,,
Grupo L ,Croacia,CRO 15,Jugador,4,0,4,15,$60.00,,
Grupo L ,Croacia,CRO 16,Jugador,4,0,4,15,$60.00,,
Grupo L ,Croacia,CRO 17,Jugador,5,0,5,15,$75.00,,
Grupo L ,Croacia,CRO 18,Jugador,6,0,6,15,$90.00,,
Grupo L ,Croacia,CRO 19,Jugador,2,0,2,15,$30.00,,
Grupo L ,Croacia,CRO 20,Jugador,3,0,3,15,$45.00,,
Grupo H,Cabo Verde,CPV 1,Escudo,5,0,5,50,$250.00,,
Grupo H,Cabo Verde,CPV 2,Jugador,3,0,3,15,$45.00,,
Grupo H,Cabo Verde,CPV 3,Jugador,3,0,3,15,$45.00,,
Grupo H,Cabo Verde,CPV 4,Jugador,5,0,5,15,$75.00,,
Grupo H,Cabo Verde,CPV 5,Jugador,4,0,4,15,$60.00,,
Grupo H,Cabo Verde,CPV 6,Jugador,6,0,6,15,$90.00,,
Grupo H,Cabo Verde,CPV 7,Jugador,5,0,5,15,$75.00,,
Grupo H,Cabo Verde,CPV 8,Jugador,4,0,4,15,$60.00,,
Grupo H,Cabo Verde,CPV 9,Jugador,4,0,4,15,$60.00,,
Grupo H,Cabo Verde,CPV 10,Jugador,3,0,3,15,$45.00,,
Grupo H,Cabo Verde,CPV 11,Jugador,5,0,5,15,$75.00,,
Grupo H,Cabo Verde,CPV 12,Jugador,3,1,2,15,$30.00,,
Grupo H,Cabo Verde,CPV 13,Foto del equipo,4,0,4,15,$60.00,,
Grupo H,Cabo Verde,CPV 14,Jugador,5,0,5,15,$75.00,,
Grupo H,Cabo Verde,CPV 15,Jugador,5,0,5,15,$75.00,,
Grupo H,Cabo Verde,CPV 16,Jugador,4,0,4,15,$60.00,,
Grupo H,Cabo Verde,CPV 17,Jugador,5,1,4,15,$60.00,,
Grupo H,Cabo Verde,CPV 18,Jugador,2,0,2,15,$30.00,,
Grupo H,Cabo Verde,CPV 19,Jugador,1,0,1,15,$15.00,,
Grupo H,Cabo Verde,CPV 20,Jugador,4,0,4,15,$60.00,,
Grupo K,Uzbekistán ,UZB 1,Escudo,5,0,5,50,$250.00,,
Grupo K,Uzbekistán ,UZB 2,Jugador,4,0,4,15,$60.00,,
Grupo K,Uzbekistán ,UZB 3,Jugador,4,0,4,15,$60.00,,
Grupo K,Uzbekistán ,UZB 4,Jugador,4,1,3,15,$45.00,,
Grupo K,Uzbekistán ,UZB 5,Jugador,1,0,1,15,$15.00,,
Grupo K,Uzbekistán ,UZB 6,Jugador,3,0,3,15,$45.00,,
Grupo K,Uzbekistán ,UZB 7,Jugador,5,0,5,15,$75.00,,
Grupo K,Uzbekistán ,UZB 8,Jugador,6,0,6,15,$90.00,,
Grupo K,Uzbekistán ,UZB 9,Jugador,5,0,5,15,$75.00,,
Grupo K,Uzbekistán ,UZB 10,Jugador,5,0,5,15,$75.00,,
Grupo K,Uzbekistán ,UZB 11,Jugador,4,0,4,15,$60.00,,
Grupo K,Uzbekistán ,UZB 12,Jugador,4,0,4,15,$60.00,,
Grupo K,Uzbekistán ,UZB 13,Foto del equipo,3,0,3,15,$45.00,,
Grupo K,Uzbekistán ,UZB 14,Jugador,4,0,4,15,$60.00,,
Grupo K,Uzbekistán ,UZB 15,Jugador,3,0,3,15,$45.00,,
Grupo K,Uzbekistán ,UZB 16,Jugador,5,0,5,15,$75.00,,
Grupo K,Uzbekistán ,UZB 17,Jugador,4,0,4,15,$60.00,,
Grupo K,Uzbekistán ,UZB 18,Jugador,3,0,3,15,$45.00,,
Grupo K,Uzbekistán ,UZB 19,Jugador,6,0,6,15,$90.00,,
Grupo K,Uzbekistán ,UZB 20,Jugador,2,0,2,15,$30.00,,
Grupo G,Bélgica,BEL 1,Escudo,3,0,3,50,$150.00,,
Grupo G,Bélgica,BEL 2,Jugador,5,0,5,15,$75.00,,
Grupo G,Bélgica,BEL 3,Jugador,4,0,4,15,$60.00,,
Grupo G,Bélgica,BEL 4,Jugador,5,0,5,15,$75.00,,
Grupo G,Bélgica,BEL 5,Jugador,4,0,4,15,$60.00,,
Grupo G,Bélgica,BEL 6,Jugador,2,0,2,15,$30.00,,
Grupo G,Bélgica,BEL 7,Jugador,4,0,4,15,$60.00,,
Grupo G,Bélgica,BEL 8,Jugador,4,0,4,15,$60.00,,
Grupo G,Bélgica,BEL 9,Jugador,2,0,2,15,$30.00,,
Grupo G,Bélgica,BEL 10,Jugador,2,0,2,15,$30.00,,
Grupo G,Bélgica,BEL 11,Jugador,6,0,6,15,$90.00,,
Grupo G,Bélgica,BEL 12,Jugador,6,0,6,15,$90.00,,
Grupo G,Bélgica,BEL 13,Foto del equipo,4,0,4,15,$60.00,,
Grupo G,Bélgica,BEL 14,Jugador,2,0,2,15,$30.00,,
Grupo G,Bélgica,BEL 15,Jugador,4,0,4,15,$60.00,,
Grupo G,Bélgica,BEL 16,Jugador,9,0,9,15,$135.00,,
Grupo G,Bélgica,BEL 17,Jugador,5,0,5,15,$75.00,,
Grupo G,Bélgica,BEL 18,Jugador,2,0,2,15,$30.00,,
Grupo G,Bélgica,BEL 19,Jugador,5,0,5,15,$75.00,,
Grupo G,Bélgica,BEL 20,Jugador,3,0,3,15,$45.00,,
Grupo H,Uruguay ,URU 1,Escudo,3,0,3,50,$150.00,,
Grupo H,Uruguay ,URU 2,Jugador,5,0,5,15,$75.00,,
Grupo H,Uruguay ,URU 3,Jugador,6,0,6,15,$90.00,,
Grupo H,Uruguay ,URU 4,Jugador,6,0,6,15,$90.00,,
Grupo H,Uruguay ,URU 5,Jugador,4,0,4,15,$60.00,,
Grupo H,Uruguay ,URU 6,Jugador,5,0,5,15,$75.00,,
Grupo H,Uruguay ,URU 7,Jugador,3,0,3,15,$45.00,,
Grupo H,Uruguay ,URU 8,Jugador,5,0,5,15,$75.00,,
Grupo H,Uruguay ,URU 9,Jugador,5,0,5,15,$75.00,,
Grupo H,Uruguay ,URU 10,Jugador,4,0,4,15,$60.00,,
Grupo H,Uruguay ,URU 11,Jugador,5,0,5,15,$75.00,,
Grupo H,Uruguay ,URU 12,Jugador,5,0,5,15,$75.00,,
Grupo H,Uruguay ,URU 13,Foto del equipo,4,0,4,15,$60.00,,
Grupo H,Uruguay ,URU 14,Jugador,5,0,5,15,$75.00,,
Grupo H,Uruguay ,URU 15,Jugador,3,0,3,15,$45.00,,
Grupo H,Uruguay ,URU 16,Jugador,5,0,5,15,$75.00,,
Grupo H,Uruguay ,URU 17,Jugador,2,0,2,15,$30.00,,
Grupo H,Uruguay ,URU 18,Jugador,7,0,7,15,$105.00,,
Grupo H,Uruguay ,URU 19,Jugador,2,0,2,15,$30.00,,
Grupo H,Uruguay ,URU 20,Jugador,3,0,3,15,$45.00,,
Grupo D,Paraguay ,PAR 1,Escudo,7,0,7,50,$350.00,,
Grupo D,Paraguay ,PAR 2,Jugador,3,0,3,15,$45.00,,
Grupo D,Paraguay ,PAR 3,Jugador,4,0,4,15,$60.00,,
Grupo D,Paraguay ,PAR 4,Jugador,5,0,5,15,$75.00,,
Grupo D,Paraguay ,PAR 5,Jugador,4,0,4,15,$60.00,,
Grupo D,Paraguay ,PAR 6,Jugador,3,0,3,15,$45.00,,
Grupo D,Paraguay ,PAR 7,Jugador,5,0,5,15,$75.00,,
Grupo D,Paraguay ,PAR 8,Jugador,4,0,4,15,$60.00,,
Grupo D,Paraguay ,PAR 9,Jugador,3,0,3,15,$45.00,,
Grupo D,Paraguay ,PAR 10,Jugador,4,0,4,15,$60.00,,
Grupo D,Paraguay ,PAR 11,Jugador,5,0,5,15,$75.00,,
Grupo D,Paraguay ,PAR 12,Jugador,3,0,3,15,$45.00,,
Grupo D,Paraguay ,PAR 13,Foto del equipo,3,0,3,15,$45.00,,
Grupo D,Paraguay ,PAR 14,Jugador,3,1,2,15,$30.00,,
Grupo D,Paraguay ,PAR 15,Jugador,4,0,4,15,$60.00,,
Grupo D,Paraguay ,PAR 16,Jugador,4,0,4,15,$60.00,,
Grupo D,Paraguay ,PAR 17,Jugador,4,0,4,15,$60.00,,
Grupo D,Paraguay ,PAR 18,Jugador,4,0,4,15,$60.00,,
Grupo D,Paraguay ,PAR 19,Jugador,6,0,6,15,$90.00,,
Grupo D,Paraguay ,PAR 20,Jugador,4,0,4,15,$60.00,,
Grupo G,Nueva Zelanda,NZL 1,Escudo,7,0,7,50,$350.00,,
Grupo G,Nueva Zelanda,NZL 2,Jugador,7,0,7,15,$105.00,,
Grupo G,Nueva Zelanda,NZL 3,Jugador,4,0,4,15,$60.00,,
Grupo G,Nueva Zelanda,NZL 4,Jugador,3,0,3,15,$45.00,,
Grupo G,Nueva Zelanda,NZL 5,Jugador,5,0,5,15,$75.00,,
Grupo G,Nueva Zelanda,NZL 6,Jugador,3,0,3,15,$45.00,,
Grupo G,Nueva Zelanda,NZL 7,Jugador,4,0,4,15,$60.00,,
Grupo G,Nueva Zelanda,NZL 8,Jugador,5,0,5,15,$75.00,,
Grupo G,Nueva Zelanda,NZL 9,Jugador,4,0,4,15,$60.00,,
Grupo G,Nueva Zelanda,NZL 10,Jugador,5,0,5,15,$75.00,,
Grupo G,Nueva Zelanda,NZL 11,Jugador,5,0,5,15,$75.00,,
Grupo G,Nueva Zelanda,NZL 12,Jugador,3,0,3,15,$45.00,,
Grupo G,Nueva Zelanda,NZL 13,Foto del equipo,3,0,3,15,$45.00,,
Grupo G,Nueva Zelanda,NZL 14,Jugador,4,0,4,15,$60.00,,
Grupo G,Nueva Zelanda,NZL 15,Jugador,3,0,3,15,$45.00,,
Grupo G,Nueva Zelanda,NZL 16,Jugador,4,0,4,15,$60.00,,
Grupo G,Nueva Zelanda,NZL 17,Jugador,6,1,5,15,$75.00,,
Grupo G,Nueva Zelanda,NZL 18,Jugador,4,0,4,15,$60.00,,
Grupo G,Nueva Zelanda,NZL 19,Jugador,5,0,5,15,$75.00,,
Grupo G,Nueva Zelanda,NZL 20,Jugador,3,0,3,15,$45.00,,
Grupo B,Suiza,SUI 1,Escudo,5,0,5,50,$250.00,,
Grupo B,Suiza,SUI 2,Jugador,5,0,5,15,$75.00,,
Grupo B,Suiza,SUI 3,Jugador,5,0,5,15,$75.00,,
Grupo B,Suiza,SUI 4,Jugador,5,0,5,15,$75.00,,
Grupo B,Suiza,SUI 5,Jugador,4,0,4,15,$60.00,,
Grupo B,Suiza,SUI 6,Jugador,6,0,6,15,$90.00,,
Grupo B,Suiza,SUI 7,Jugador,4,0,4,15,$60.00,,
Grupo B,Suiza,SUI 8,Jugador,4,0,4,15,$60.00,,
Grupo B,Suiza,SUI 9,Jugador,4,0,4,15,$60.00,,
Grupo B,Suiza,SUI 10,Jugador,5,0,5,15,$75.00,,
Grupo B,Suiza,SUI 11,Jugador,4,1,3,15,$45.00,,
Grupo B,Suiza,SUI 12,Jugador,6,0,6,15,$90.00,,
Grupo B,Suiza,SUI 13,Foto del equipo,4,0,4,15,$60.00,,
Grupo B,Suiza,SUI 14,Jugador,4,0,4,15,$60.00,,
Grupo B,Suiza,SUI 15,Jugador,4,0,4,15,$60.00,,
Grupo B,Suiza,SUI 16,Jugador,4,0,4,15,$60.00,,
Grupo B,Suiza,SUI 17,Jugador,4,0,4,15,$60.00,,
Grupo B,Suiza,SUI 18,Jugador,4,1,3,15,$45.00,,
Grupo B,Suiza,SUI 19,Jugador,4,0,4,15,$60.00,,
Grupo B,Suiza,SUI 20,Jugador,3,0,3,15,$45.00,,
Grupo K,Colombia,COL 1,Escudo,4,0,4,50,$200.00,,
Grupo K,Colombia,COL 2,Jugador,5,0,5,15,$75.00,,
Grupo K,Colombia,COL 3,Jugador,6,0,6,15,$90.00,,
Grupo K,Colombia,COL 4,Jugador,6,0,6,15,$90.00,,
Grupo K,Colombia,COL 5,Jugador,3,0,3,15,$45.00,,
Grupo K,Colombia,COL 6,Jugador,4,0,4,15,$60.00,,
Grupo K,Colombia,COL 7,Jugador,5,0,5,15,$75.00,,
Grupo K,Colombia,COL 8,Jugador,5,0,5,15,$75.00,,
Grupo K,Colombia,COL 9,Jugador,4,0,4,15,$60.00,,
Grupo K,Colombia,COL 10,Jugador,4,0,4,15,$60.00,,
Grupo K,Colombia,COL 11,Jugador,4,0,4,15,$60.00,,
Grupo K,Colombia,COL 12,Jugador,3,0,3,15,$45.00,,
Grupo K,Colombia,COL 13,Foto del equipo,3,0,3,15,$45.00,,
Grupo K,Colombia,COL 14,Jugador,3,0,3,50,$150.00,,
Grupo K,Colombia,COL 15,Jugador,5,0,5,15,$75.00,,
Grupo K,Colombia,COL 16,Jugador,4,0,4,15,$60.00,,
Grupo K,Colombia,COL 17,Jugador,3,0,3,15,$45.00,,
Grupo K,Colombia,COL 18,Jugador,3,0,3,15,$45.00,,
Grupo K,Colombia,COL 19,Jugador,4,0,4,15,$60.00,,
Grupo K,Colombia,COL 20,Jugador,4,0,4,15,$60.00,,
Grupo E,Ecuador,ECU 1,Escudo,4,0,4,50,$200.00,,
Grupo E,Ecuador,ECU 2,Jugador,5,0,5,15,$75.00,,
Grupo E,Ecuador,ECU 3,Jugador,5,0,5,15,$75.00,,
Grupo E,Ecuador,ECU 4,Jugador,3,0,3,15,$45.00,,
Grupo E,Ecuador,ECU 5,Jugador,4,0,4,15,$60.00,,
Grupo E,Ecuador,ECU 6,Jugador,3,0,3,15,$45.00,,
Grupo E,Ecuador,ECU 7,Jugador,5,0,5,15,$75.00,,
Grupo E,Ecuador,ECU 8,Jugador,3,0,3,15,$45.00,,
Grupo E,Ecuador,ECU 9,Jugador,4,0,4,15,$60.00,,
Grupo E,Ecuador,ECU 10,Jugador,2,0,2,15,$30.00,,
Grupo E,Ecuador,ECU 11,Jugador,3,0,3,15,$45.00,,
Grupo E,Ecuador,ECU 12,Jugador,3,0,3,15,$45.00,,
Grupo E,Ecuador,ECU 13,Foto del equipo,6,0,6,15,$90.00,,
Grupo E,Ecuador,ECU 14,Jugador,4,0,4,15,$60.00,,
Grupo E,Ecuador,ECU 15,Jugador,5,0,5,15,$75.00,,
Grupo E,Ecuador,ECU 16,Jugador,4,0,4,15,$60.00,,
Grupo E,Ecuador,ECU 17,Jugador,4,0,4,15,$60.00,,
Grupo E,Ecuador,ECU 18,Jugador,2,0,2,15,$30.00,,
Grupo E,Ecuador,ECU 19,Jugador,6,0,6,15,$90.00,,
Grupo E,Ecuador,ECU 20,Jugador,6,0,6,15,$90.00,,
Grupo A,South Africa,RSA 1,Escudo,5,0,5,50,$250.00,,
Grupo A,South Africa,RSA 2,Jugador,5,0,5,15,$75.00,,
Grupo A,South Africa,RSA 3,Jugador,5,0,5,15,$75.00,,
Grupo A,South Africa,RSA 4,Jugador,2,0,2,15,$30.00,,
Grupo A,South Africa,RSA 5,Jugador,3,0,3,15,$45.00,,
Grupo A,South Africa,RSA 6,Jugador,5,1,4,15,$60.00,,
Grupo A,South Africa,RSA 7,Jugador,4,0,4,15,$60.00,,
Grupo A,South Africa,RSA 8,Jugador,6,0,6,15,$90.00,,
Grupo A,South Africa,RSA 9,Jugador,5,0,5,15,$75.00,,
Grupo A,South Africa,RSA 10,Jugador,4,0,4,15,$60.00,,
Grupo A,South Africa,RSA 11,Jugador,5,0,5,15,$75.00,,
Grupo A,South Africa,RSA 12,Jugador,4,0,4,15,$60.00,,
Grupo A,South Africa,RSA 13,Foto del equipo,7,0,7,15,$105.00,,
Grupo A,South Africa,RSA 14,Jugador,5,0,5,15,$75.00,,
Grupo A,South Africa,RSA 15,Jugador,2,0,2,15,$30.00,,
Grupo A,South Africa,RSA 16,Jugador,3,0,3,15,$45.00,,
Grupo A,South Africa,RSA 17,Jugador,4,0,4,15,$60.00,,
Grupo A,South Africa,RSA 18,Jugador,3,0,3,15,$45.00,,
Grupo A,South Africa,RSA 19,Jugador,2,0,2,15,$30.00,,
Grupo A,South Africa,RSA 20,Jugador,4,0,4,15,$60.00,,
Grupo J,Jordania,JOR 1,Escudo,3,0,3,50,$150.00,,
Grupo J,Jordania,JOR 2,Jugador,3,0,3,15,$45.00,,
Grupo J,Jordania,JOR 3,Jugador,1,0,1,15,$15.00,,
Grupo J,Jordania,JOR 4,Jugador,4,0,4,15,$60.00,,
Grupo J,Jordania,JOR 5,Jugador,4,0,4,15,$60.00,,
Grupo J,Jordania,JOR 6,Jugador,4,0,4,15,$60.00,,
Grupo J,Jordania,JOR 7,Jugador,4,0,4,15,$60.00,,
Grupo J,Jordania,JOR 8,Jugador,4,0,4,15,$60.00,,
Grupo J,Jordania,JOR 9,Jugador,5,0,5,15,$75.00,,
Grupo J,Jordania,JOR 10,Jugador,5,0,5,15,$75.00,,
Grupo J,Jordania,JOR 11,Jugador,4,0,4,15,$60.00,,
Grupo J,Jordania,JOR 12,Jugador,3,0,3,15,$45.00,,
Grupo J,Jordania,JOR 13,Foto del equipo,4,0,4,15,$60.00,,
Grupo J,Jordania,JOR 14,Jugador,2,0,2,15,$30.00,,
Grupo J,Jordania,JOR 15,Jugador,4,0,4,15,$60.00,,
Grupo J,Jordania,JOR 16,Jugador,4,0,4,15,$60.00,,
Grupo J,Jordania,JOR 17,Jugador,2,0,2,15,$30.00,,
Grupo J,Jordania,JOR 18,Jugador,6,0,6,15,$90.00,,
Grupo J,Jordania,JOR 19,Jugador,6,0,6,15,$90.00,,
Grupo J,Jordania,JOR 20,Jugador,2,0,2,15,$30.00,,
Grupo E,Côte d’Ivoire,CIV 1,Escudo,4,0,4,50,$200.00,,
Grupo E,Côte d’Ivoire,CIV 2,Jugador,4,0,4,15,$60.00,,
Grupo E,Côte d’Ivoire,CIV 3,Jugador,4,0,4,15,$60.00,,
Grupo E,Côte d’Ivoire,CIV 4,Jugador,5,0,5,15,$75.00,,
Grupo E,Côte d’Ivoire,CIV 5,Jugador,5,0,5,15,$75.00,,
Grupo E,Côte d’Ivoire,CIV 6,Jugador,3,0,3,15,$45.00,,
Grupo E,Côte d’Ivoire,CIV 7,Jugador,5,1,4,15,$60.00,,
Grupo E,Côte d’Ivoire,CIV 8,Jugador,5,0,5,15,$75.00,,
Grupo E,Côte d’Ivoire,CIV 9,Jugador,5,0,5,15,$75.00,,
Grupo E,Côte d’Ivoire,CIV 10,Jugador,5,0,5,15,$75.00,,
Grupo E,Côte d’Ivoire,CIV 11,Jugador,3,0,3,15,$45.00,,
Grupo E,Côte d’Ivoire,CIV 12,Jugador,4,0,4,15,$60.00,,
Grupo E,Côte d’Ivoire,CIV 13,Foto del equipo,4,0,4,15,$60.00,,
Grupo E,Côte d’Ivoire,CIV 14,Jugador,3,0,3,15,$45.00,,
Grupo E,Côte d’Ivoire,CIV 15,Jugador,5,0,5,15,$75.00,,
Grupo E,Côte d’Ivoire,CIV 16,Jugador,6,0,6,15,$90.00,,
Grupo E,Côte d’Ivoire,CIV 17,Jugador,4,1,3,15,$45.00,,
Grupo E,Côte d’Ivoire,CIV 18,Jugador,4,0,4,15,$60.00,,
Grupo E,Côte d’Ivoire,CIV 19,Jugador,3,0,3,15,$45.00,,
Grupo E,Côte d’Ivoire,CIV 20,Jugador,4,0,4,15,$60.00,,
Especial,Coca-Cola,CC 1,Especial Coca-Cola,6,3,3,50,$150.00,,
Especial,Coca-Cola,CC 2,Especial Coca-Cola,5,4,1,50,$50.00,,27 DE MAYO SE COMPRARON 14 SOBRES DE COCA COLA POR 250 PESOS 
Especial,Coca-Cola,CC 3,Especial Coca-Cola,3,3,1,50,$50.00,,
Especial,Coca-Cola,CC 4,Especial Coca-Cola,4,3,1,50,$50.00,,
Especial,Coca-Cola,CC 5,Especial Coca-Cola,4,3,1,50,$50.00,,
Especial,Coca-Cola,CC 6,Especial Coca-Cola,4,4,0,50,$0.00,,
Especial,Coca-Cola,CC 7,Especial Coca-Cola,4,3,1,50,$50.00,,
Especial,Coca-Cola,CC 8,Especial Coca-Cola,7,3,4,50,$200.00,,
Especial,Coca-Cola,CC 9,Especial Coca-Cola,4,4,0,50,$0.00,,
Especial,Coca-Cola,CC 10,Especial Coca-Cola,5,4,1,50,$50.00,,
Especial,Coca-Cola,CC 11,Especial Coca-Cola,5,4,1,50,$50.00,,
Especial,Coca-Cola,CC 12,Especial Coca-Cola,5,3,2,50,$100.00,,
Especial,Coca-Cola,CC 13,Especial Coca-Cola,7,3,4,50,$200.00,,
Especial,Coca-Cola,CC 14,Especial Coca-Cola,3,1,2,50,$100.00,,